{"RPT":{"ScanTime":"0.13 sec.","ScanFile":"20190112_fictionaluniversity_67344bc58a1041272180_20190112115312_scan.json","Warnings":0,"Success":6},"SRV":{"PHP":{"websrv":true,"openbase":true,"maxtime":true,"mysqli":true,"version":true,"ALL":"Good"},"WP":{"version":true,"core":true,"ismu":false,"ALL":"Good"}},"ARC":{"Size":"0B","DirCount":"0","FileCount":"0","FullCount":"0","FilterDirsAll":["C:\/MAMP\/htdocs\/Wordpress\/wp-content\/ai1wm-backups","C:\/MAMP\/htdocs\/Wordpress\/wp-content\/backups-dup-pro","C:\/MAMP\/htdocs\/Wordpress\/wp-content\/backupwordpress","C:\/MAMP\/htdocs\/Wordpress\/wp-content\/cache","C:\/MAMP\/htdocs\/Wordpress\/wp-content\/content\/cache","C:\/MAMP\/htdocs\/Wordpress\/wp-content\/contents\/cache","C:\/MAMP\/htdocs\/Wordpress\/wp-content\/infinitewp\/backups","C:\/MAMP\/htdocs\/Wordpress\/wp-content\/managewp\/backups","C:\/MAMP\/htdocs\/Wordpress\/wp-content\/old-cache","C:\/MAMP\/htdocs\/Wordpress\/wp-content\/plugins\/all-in-one-wp-migration\/storage","C:\/MAMP\/htdocs\/Wordpress\/wp-content\/updraft","C:\/MAMP\/htdocs\/Wordpress\/wp-content\/uploads\/aiowps_backups","C:\/MAMP\/htdocs\/Wordpress\/wp-content\/uploads\/backupbuddy_backups","C:\/MAMP\/htdocs\/Wordpress\/wp-content\/uploads\/backupbuddy_temp","C:\/MAMP\/htdocs\/Wordpress\/wp-content\/uploads\/ithemes-security\/backups","C:\/MAMP\/htdocs\/Wordpress\/wp-content\/uploads\/mainwp\/backup","C:\/MAMP\/htdocs\/Wordpress\/wp-content\/uploads\/pb_backupbuddy","C:\/MAMP\/htdocs\/Wordpress\/wp-content\/uploads\/snapshots","C:\/MAMP\/htdocs\/Wordpress\/wp-content\/uploads\/sucuri","C:\/MAMP\/htdocs\/Wordpress\/wp-content\/uploads\/wp-clone","C:\/MAMP\/htdocs\/Wordpress\/wp-content\/uploads\/wp_all_backup","C:\/MAMP\/htdocs\/Wordpress\/wp-content\/uploads\/wpbackitup_backups","C:\/MAMP\/htdocs\/Wordpress\/wp-content\/wfcache","C:\/MAMP\/htdocs\/Wordpress\/wp-content\/wishlist-backup","C:\/MAMP\/htdocs\/Wordpress\/wp-snapshots"],"FilterFilesAll":["error_log","error.log","debug_log","ws_ftp.log","dbcache","pgcache","objectcache",".DS_Store","C:\/MAMP\/htdocs\/Wordpress\/.htaccess","C:\/MAMP\/htdocs\/Wordpress\/web.config","C:\/MAMP\/htdocs\/Wordpress\/wp-config.php"],"FilterExtsAll":[],"FilterInfo":{"Dirs":{"Warning":[],"Unreadable":[],"Core":["C:\/MAMP\/htdocs\/Wordpress\/wp-snapshots","C:\/MAMP\/htdocs\/Wordpress\/wp-content\/backups-dup-pro","C:\/MAMP\/htdocs\/Wordpress\/wp-content\/ai1wm-backups","C:\/MAMP\/htdocs\/Wordpress\/wp-content\/backupwordpress","C:\/MAMP\/htdocs\/Wordpress\/wp-content\/content\/cache","C:\/MAMP\/htdocs\/Wordpress\/wp-content\/contents\/cache","C:\/MAMP\/htdocs\/Wordpress\/wp-content\/infinitewp\/backups","C:\/MAMP\/htdocs\/Wordpress\/wp-content\/managewp\/backups","C:\/MAMP\/htdocs\/Wordpress\/wp-content\/old-cache","C:\/MAMP\/htdocs\/Wordpress\/wp-content\/plugins\/all-in-one-wp-migration\/storage","C:\/MAMP\/htdocs\/Wordpress\/wp-content\/updraft","C:\/MAMP\/htdocs\/Wordpress\/wp-content\/wishlist-backup","C:\/MAMP\/htdocs\/Wordpress\/wp-content\/wfcache","C:\/MAMP\/htdocs\/Wordpress\/wp-content\/cache","C:\/MAMP\/htdocs\/Wordpress\/wp-content\/uploads\/aiowps_backups","C:\/MAMP\/htdocs\/Wordpress\/wp-content\/uploads\/backupbuddy_temp","C:\/MAMP\/htdocs\/Wordpress\/wp-content\/uploads\/backupbuddy_backups","C:\/MAMP\/htdocs\/Wordpress\/wp-content\/uploads\/ithemes-security\/backups","C:\/MAMP\/htdocs\/Wordpress\/wp-content\/uploads\/mainwp\/backup","C:\/MAMP\/htdocs\/Wordpress\/wp-content\/uploads\/pb_backupbuddy","C:\/MAMP\/htdocs\/Wordpress\/wp-content\/uploads\/snapshots","C:\/MAMP\/htdocs\/Wordpress\/wp-content\/uploads\/sucuri","C:\/MAMP\/htdocs\/Wordpress\/wp-content\/uploads\/wp-clone","C:\/MAMP\/htdocs\/Wordpress\/wp-content\/uploads\/wp_all_backup","C:\/MAMP\/htdocs\/Wordpress\/wp-content\/uploads\/wpbackitup_backups"],"Global":[],"Instance":[]},"Files":{"Size":[],"Warning":[],"Unreadable":[],"Core":[],"Global":["error_log","error.log","debug_log","ws_ftp.log","dbcache","pgcache","objectcache",".DS_Store"],"Instance":[]},"Exts":{"Core":[],"Global":[],"Instance":[]},"UDirCount":0,"UFileCount":0,"UExtCount":0,"TreeSize":[],"TreeWarning":[]},"RecursiveLinks":[],"UnreadableItems":[],"Status":{"Size":"Good","Names":"Good","UnreadableItems":"Good","AddonSites":"Good"},"Dirs":[],"Files":[]},"DB":{"Status":{"Success":true,"DB_Case":"Good","DB_Rows":"Good","DB_Size":"Good","TBL_Case":"Good","TBL_Rows":"Good","TBL_Size":"Good"},"Size":"1.77MB","Rows":"755","TableCount":13,"TableList":{"wp_commentmeta":{"Case":0,"Rows":"0","Size":"48KB","USize":49152},"wp_comments":{"Case":0,"Rows":"1","Size":"96KB","USize":98304},"wp_duplicator_packages":{"Case":0,"Rows":"0","Size":"32KB","USize":32768},"wp_links":{"Case":0,"Rows":"0","Size":"32KB","USize":32768},"wp_options":{"Case":0,"Rows":"164","Size":"1.03MB","USize":1081344},"wp_postmeta":{"Case":0,"Rows":"420","Size":"128KB","USize":131072},"wp_posts":{"Case":0,"Rows":"123","Size":"128KB","USize":131072},"wp_term_relationships":{"Case":0,"Rows":"5","Size":"32KB","USize":32768},"wp_term_taxonomy":{"Case":0,"Rows":"2","Size":"48KB","USize":49152},"wp_termmeta":{"Case":0,"Rows":"0","Size":"48KB","USize":49152},"wp_terms":{"Case":0,"Rows":"2","Size":"48KB","USize":49152},"wp_usermeta":{"Case":0,"Rows":"37","Size":"48KB","USize":49152},"wp_users":{"Case":0,"Rows":"1","Size":"64KB","USize":65536}},"RawSize":1851392},"LL":{"TotalSize":"1.77MB","Status":{"TotalSize":"Good"}}}